{
   "swagger":"2.0",
   "info":{
      "version":"",
      "title":"User",
      "description":"Provide Customer login, register, retrieval, as well as card and address retrieval",
      "license":{
         "name":"MIT",
         "url":"http://github.com/gruntjs/grunt/blob/master/LICENSE-MIT"
      }
   },
   "host":"user",
   "basePath":"/",
   "securityDefinitions":{
      "basicAuth": {
        "type": "basic",
        "description" : "HTTP Basic Authentication. Works over `HTTP` and `HTTPS`"
     }
   },
   "schemes":[
      "http"
   ],
   "consumes":[
      "application/json;charset=UTF-8"
   ],
   "produces":[
      "application/hal+json"
   ],
   "paths":{
      "/login":{
         "get":{
            "description":"Return logged in user",
            "operationId":"Get Login",
            "produces":[
               "application/json;charset=UTF-8"
            ],
            "responses":{
               "200":{
                  "description":"",
                  "schema":{
                     "$ref":"#/definitions/Getcustomersresponse"
                  }
               }
            }
         }
      },
      "/register":{
         "post":{
            "description":"Register new user",
            "operationId":"Set User",
            "produces":[
               "application/json;charset=UTF-8"
            ],
            "parameters":[
               {
                  "name":"register",
                  "in":"body",
                  "description":"register object",
                  "required":true,
                  "schema":{
                     "$ref":"#/definitions/Register"
                  }
               }
            ],
            "responses":{
               "200":{
                  "description":"",
                  "schema":{
                     "$ref":"#/definitions/Statusresponse"
                  }
               }
            }
         }
      },
      "/customers":{
         "get":{
            "description":"Returns all customers",
            "operationId":"Get customers",
            "produces":[
               "application/json;charset=UTF-8"
            ],
            "parameters":[

            ],
            "responses":{
               "200":{
                  "description":"",
                  "schema":{
                     "$ref":"#/definitions/Getcustomersresponse"
                  }
               }
            }
         }
      },
      "/customers/{id}":{
         "get":{
            "description":"Returns a customer",
            "operationId":"Get customer",
            "produces":[
               "application/json;charset=UTF-8"
            ],
            "parameters":[
               {
                  "name":"id",
                  "in":"path",
                  "description":"ID of customer to fetch",
                  "required":true,
                  "type":"string",
                  "default":"57a98d98e4b00679b4a830af"
               }
            ],
            "responses":{
               "200":{
                  "description":"",
                  "schema":{
                     "$ref":"#/definitions/Customer"
                  }
               }
            }
         },
         "delete":{
            "description":"Delete customer",
            "operationId":"Delete customer",
            "produces":[
               "application/json;charset=UTF-8"
            ],
            "parameters":[
               {
                  "name":"id",
                  "in":"path",
                  "description":"ID of customer to delete",
                  "required":true,
                  "type":"string",
                  "default":"57a98d98e4b00679b4a830b5"
               }
            ],
            "responses":{
               "200":{
                  "description":"",
                  "schema":{
                     "$ref":"#/definitions/Deleteresponse"
                  }
               }
            }
         }
      },
      "/customers/{id}/cards":{
         "get":{
            "description":"Returns a customer",
            "operationId":"Get customer cards",
            "produces":[
               "application/json;charset=UTF-8"
            ],
            "parameters":[
               {
                  "name":"id",
                  "in":"path",
                  "description":"ID of customer to fetch",
                  "required":true,
                  "type":"string",
                  "default":"57a98d98e4b00679b4a830af"
               }
            ],
            "responses":{
               "200":{
                  "description":"",
                  "schema":{
                     "$ref":"#/definitions/Getcardsresponse"
                  }
               }
            }
         }
      },
      "/customers/{id}/addresses":{
         "get":{
            "description":"Returns an address",
            "operationId":"Get customer addresses",
            "produces":[
               "application/json;charset=UTF-8"
            ],
            "parameters":[
               {
                  "name":"id",
                  "in":"path",
                  "description":"ID of customer to fetch",
                  "required":true,
                  "type":"string",
                  "default":"57a98d98e4b00679b4a830af"
               }
            ],
            "responses":{
               "200":{
                  "description":"",
                  "schema":{
                     "$ref":"#/definitions/Listaddressresponse"
                  }
               }
            }
         }
      },
      "/cards":{
         "get":{
            "description":"Return all cards",
            "operationId":"Get cards",
            "produces":[
               "application/json;charset=UTF-8"
            ],
            "parameters":[

            ],
            "responses":{
               "200":{
                  "description":"",
                  "schema":{
                     "$ref":"#/definitions/Getcardsresponse"
                  }
               }
            }
         },
         "post":{
            "description":"Create new card",
            "operationId":"Set Card",
            "produces":[
               "application/json;charset=UTF-8"
            ],
            "parameters":[
               {
                  "name":"card",
                  "in":"body",
                  "description":"Credit card",
                  "required":true,
                  "schema":{
                     "$ref":"#/definitions/Postcard"
                  }
               }
            ],
            "responses":{
               "200":{
                  "description":"",
                  "schema":{
                     "$ref":"#/definitions/Statusresponse"
                  }
               }
            }
         }
      },
      "/cards/{id}":{
         "get":{
            "description":"Returns a card",
            "operationId":"Get card",
            "produces":[
               "application/json;charset=UTF-8"
            ],
            "parameters":[
               {
                  "name":"id",
                  "in":"path",
                  "description":"ID of card to fetch",
                  "required":true,
                  "type":"string",
                  "default":"57a98d98e4b00679b4a830ae"
               }
            ],
            "responses":{
               "200":{
                  "description":"",
                  "schema":{
                     "$ref":"#/definitions/Card"
                  }
               }
            }
         },
         "delete":{
            "description":"Delete card",
            "operationId":"Delete card",
            "produces":[
               "application/json;charset=UTF-8"
            ],
            "parameters":[
               {
                  "name":"id",
                  "in":"path",
                  "description":"ID of card to delete",
                  "required":true,
                  "type":"string",
                  "default":"57a98d98e4b00679b4a830ae"
               }
            ],
            "responses":{
               "200":{
                  "description":"",
                  "schema":{
                     "$ref":"#/definitions/Deleteresponse"
                  }
               }
            }
         }
      },
      "/addresses":{
         "get":{
            "description":"Returns all addresses",
            "operationId":"Get addresses",
            "produces":[
               "application/json;charset=UTF-8"
            ],
            "parameters":[

            ],
            "responses":{
               "200":{
                  "description":"",
                  "schema":{
                     "$ref":"#/definitions/Listaddressresponse"
                  }
               }
            }
         },
         "post":{
            "description":"Create new address",
            "operationId":"Set Address",
            "produces":[
               "application/json;charset=UTF-8"
            ],
            "parameters":[
               {
                  "name":"address",
                  "in":"body",
                  "description":"Address",
                  "required":true,
                  "schema":{
                     "$ref":"#/definitions/Postaddress"
                  }
               }
            ],
            "responses":{
               "200":{
                  "description":"",
                  "schema":{
                     "$ref":"#/definitions/Statusresponse"
                  }
               }
            }
         }
      },
      "/addresses/{id}":{
         "get":{
            "description":"Returns an address",
            "operationId":"Get address",
            "produces":[
               "application"
            ],
            "parameters":[
               {
                  "name":"id",
                  "in":"path",
                  "description":"ID of address to fetch",
                  "required":true,
                  "type":"string",
                  "default":"57a98d98e4b00679b4a830ad"
               }
            ],
            "responses":{
               "200":{
                  "description":"",
                  "schema":{
                     "$ref":"#/definitions/Address"
                  }
               }
            }
         },
         "delete":{
            "description":"Delete address",
            "operationId":"Delete address",
            "produces":[
               "application/json;charset=UTF-8"
            ],
            "parameters":[
               {
                  "name":"id",
                  "in":"path",
                  "description":"ID of address to delete",
                  "required":true,
                  "type":"string",
                  "default":"57a98d98e4b00679b4a830ad"
               }
            ],
            "responses":{
               "200":{
                  "description":"",
                  "schema":{
                     "$ref":"#/definitions/Deleteresponse"
                  }
               }
             }
          }
      }
   },

   "definitions":{
      "Getcustomersresponse":{
         "title":"Get customers response",
         "type":"object",
         "properties":{
            "_embedded":{
               "type":"object",
               "properties":{
                  "customer":{
                     "type":"array",
                     "items":{
                        "$ref":"#/definitions/Customer"
                     }
                  }
               }
            },
            "_links":{
               "type":"object"
            },
            "page":{
               "type":"object"
            }
         },
         "required":[
            "_embedded"
         ]
      },
      "Getcardsresponse":{
         "title":"Get cards response",
         "type":"object",
         "properties":{
            "_embedded":{
               "type":"object",
               "properties":{
                  "card":{
                     "type":"array",
                     "items":{
                        "$ref":"#/definitions/Card"
                     }
                  }
               }
            },
            "_links":{
               "type":"object"
            },
            "page":{
               "type":"object"
            }
         },
         "required":[
            "_embedded"
         ]
      },
      "Statusresponse":{
         "title":"Post status response",
         "type":"object",
         "properties":{
            "id":{
               "type":"string"
            }
         },
         "required":[
            "id"
         ]
      },
      "Deleteresponse":{
         "title":"Delete status response",
         "type":"object",
         "properties":{
            "status":{
               "type":"boolean"
            }
         },
         "required":[
            "status"
         ]
      },
      "Customer":{
         "type":"object",
         "properties":{
            "firstName":{
               "type":"string"
            },
            "lastName":{
               "type":"string"
            },
            "username":{
               "type":"string"
            },
            "_links":{
               "type":"object",
               "properties":{
                  "self":{
                     "type":"object",
                     "properties":{
                        "href":{
                           "type":"string"
                        }
                     },
                     "required":[
                        "href"
                     ]
                  },
                  "customer":{
                     "type":"object",
                     "properties":{
                        "href":{
                           "type":"string"
                        }
                     },
                     "required":[
                        "href"
                     ]
                  },
                  "addresses":{
                     "type":"object",
                     "properties":{
                        "href":{
                           "type":"string"
                        }
                     },
                     "required":[
                        "href"
                     ]
                  },
                  "cards":{
                     "type":"object",
                     "properties":{
                        "href":{
                           "type":"string"
                        }
                     },
                     "required":[
                        "href"
                     ]
                  }
               },
               "required":[
                  "self",
                  "customer"
               ]
            }
         },
         "required":[
            "firstName",
            "lastName",
            "username",
            "_links"
         ]
      },
      "Card":{
         "type":"object",
         "properties":{
            "longNum":{
               "type":"string"
            },
            "expires":{
               "type":"string"
            },
            "ccv":{
               "type":"string"
            },
            "_links":{
               "type":"object",
               "properties":{
                  "self":{
                     "type":"object",
                     "properties":{
                        "href":{
                           "type":"string"
                        }
                     },
                     "required":[
                        "href"
                     ]
                  },
                  "card":{
                     "type":"object",
                     "properties":{
                        "href":{
                           "type":"string"
                        }
                     },
                     "required":[
                        "href"
                     ]
                  }
               },
               "required":[
                  "self",
                  "card"
               ]
            }
         },
         "required":[
            "longNum",
            "expires",
            "ccv",
            "_links"
         ]
      },
      "Address":{
         "type":"object",
         "properties":{
            "number":{
               "type":"string"
            },
            "street":{
               "type":"string"
            },
            "city":{
               "type":"string"
            },
            "postcode":{
               "type":"string"
            },
            "country":{
               "type":"string"
            },
            "_links":{
               "type":"object",
               "properties":{
                  "self":{
                     "type":"object",
                     "properties":{
                        "href":{
                           "type":"string"
                        }
                     },
                     "required":[
                        "href"
                     ]
                  },
                  "address":{
                     "type":"object",
                     "properties":{
                        "href":{
                           "type":"string"
                        }
                     },
                     "required":[
                        "href"
                     ]
                  }
               },
               "required":[
                  "self",
                  "address"
               ]
            }
         },
         "required":[
            "number",
            "street",
            "city",
            "postcode",
            "country",
            "_links"
         ]
      },
      "Listaddressresponse":{
         "title":"List response",
         "type":"object",
         "properties":{
            "_embedded":{
               "type":"object",
               "properties":{
                  "address":{
                     "type":"array",
                     "items":{
                        "$ref":"#/definitions/Address"
                     }
                  }
               }
            },
            "_links":{
               "type":"object"
            },
            "page":{
               "type":"object"
            }
         },
         "required":[
            "_embedded"
         ]
      },
      "Register":{
         "title":"Register",
         "type":"object",
         "properties":{
            "username":{
               "description":"Username",
               "type":"string"
            },
            "password":{
               "description":"Password",
               "type":"string"
            },
            "email":{
               "description":"Email",
               "type":"string"
            }
         },
         "required":[
            "username",
            "password"
         ]
      },
      "Postcard":{
         "title":"Post Card",
         "type":"object",
         "properties":{
            "longNum":{
              "description":"Credit card number",
              "type":"string"
            },
            "expires":{
              "description":"Card expiration",
              "type":"string"
            },
            "ccv":{
              "description":"Card ccv",
              "type":"string"
            },
            "userID":{
               "description":"User to attach this card to.",
               "type":"string"
            }
         }
      },
      "Postaddress":{
         "title":"Post Address",
         "type":"object",
         "properties":{
      	  "street":{
      	     "type":"string"
      	  },
      	  "number":{
      	     "type":"string"
      	  },
      	  "country":{
      	     "type":"string"
      	  },
      	  "city":{
      	     "type":"string"
      	  },
      	  "postcode":{
      	     "type":"string"
      	  },
            "userID":{
               "description":"User to attach this card to.",
               "type":"string"
            }
         } 
      }
   }
}
